City_ID,City,Country,Date,Lat,Lng,Max Temp,Humidity,Cloudiness,Wind Speed
0,Pingzhuang,CN,2021-03-04 05:24:37,42.0372,119.2889,55.65,35,7,15.61
1,Puerto Ayora,EC,2021-03-04 05:24:37,-0.7393,-90.3518,75.99,95,87,1.57
2,Barrow,US,2021-03-04 05:24:39,71.2906,-156.7887,-18.4,69,1,5.75
3,Jamestown,US,2021-03-04 05:24:19,42.097,-79.2353,34.0,98,90,5.93
4,Hobart,AU,2021-03-04 05:24:07,-42.8794,147.3294,69.01,32,0,19.57
5,Albany,US,2021-03-04 05:21:42,42.6001,-73.9662,35.6,69,90,11.5
6,Hasaki,JP,2021-03-04 05:24:40,35.7333,140.8333,55.99,66,75,10.36
7,Hilo,US,2021-03-04 05:24:40,19.7297,-155.09,71.6,68,1,3.44
8,New Norfolk,AU,2021-03-04 05:24:40,-42.7826,147.0587,69.01,44,51,5.99
9,Andenes,NO,2021-03-04 05:24:40,69.3143,16.1194,30.2,55,75,17.27
10,Nanortalik,GL,2021-03-04 05:24:41,60.1432,-45.2371,38.25,76,100,23.22
11,Busselton,AU,2021-03-04 05:24:41,-33.65,115.3333,77.0,63,26,7.0
12,Itaqui,BR,2021-03-04 05:24:41,-29.1253,-56.5531,73.15,88,98,11.68
13,Padang,ID,2021-03-04 05:24:30,-0.9492,100.3543,87.8,66,20,6.91
14,Mataura,NZ,2021-03-04 05:24:42,-46.1927,168.8643,64.0,45,11,8.01
15,Punta Arenas,CL,2021-03-04 05:23:42,-53.15,-70.9167,50.0,76,75,8.05
16,Taunggyi,MM,2021-03-04 05:24:42,20.7833,97.0333,80.11,16,14,13.85
17,Cayenne,GF,2021-03-04 05:24:43,4.9333,-52.3333,79.0,89,75,3.44
18,Kununurra,AU,2021-03-04 05:24:43,-15.7667,128.7333,100.4,28,6,9.22
19,Axim,GH,2021-03-04 05:24:43,4.8699,-2.2405,79.7,89,100,10.27
20,Hermanus,ZA,2021-03-04 05:24:44,-34.4187,19.2345,64.99,95,84,8.93
21,Flinders,AU,2021-03-04 05:24:44,-34.5833,150.8552,82.0,58,15,4.0
22,Krasnoselkup,RU,2021-03-04 05:24:44,65.7,82.4667,5.22,92,100,20.85
23,Bethel,US,2021-03-04 05:24:45,41.3712,-73.414,34.0,74,1,4.18
24,Avarua,CK,2021-03-04 05:24:45,-21.2078,-159.775,80.6,83,97,3.44
25,Warwick,US,2021-03-04 05:24:46,41.7001,-71.4162,37.4,64,40,4.61
26,Lagoa,PT,2021-03-04 05:24:46,39.05,-27.9833,59.74,89,100,22.46
27,Qaanaaq,GL,2021-03-04 05:24:46,77.484,-69.3632,-23.62,79,82,4.32
28,Menongue,AO,2021-03-04 05:24:47,-14.6585,17.691,59.49,93,79,1.79
29,Vanimo,PG,2021-03-04 05:24:47,-2.6741,141.3028,83.03,77,65,10.71
30,Ushuaia,AR,2021-03-04 05:22:02,-54.8,-68.3,48.2,76,0,5.75
31,Uyuni,BO,2021-03-04 05:19:59,-20.4597,-66.825,50.14,68,77,7.49
32,Labuan,MY,2021-03-04 05:24:48,5.2767,115.2417,89.6,55,20,3.44
33,Saint-Augustin,CA,2021-03-04 05:24:48,51.226,-58.6502,11.53,93,14,3.38
34,Iisalmi,FI,2021-03-04 05:24:48,63.5592,27.1907,23.0,74,75,11.5
35,Carnarvon,AU,2021-03-04 05:24:48,-24.8667,113.6333,80.6,65,49,11.5
36,Cape Town,ZA,2021-03-04 05:20:29,-33.9258,18.4232,68.0,88,75,11.5
37,Sinnamary,GF,2021-03-04 05:24:49,5.3833,-52.95,77.29,87,100,11.92
38,College,US,2021-03-04 05:22:02,64.8569,-147.8028,-0.99,77,90,2.64
39,Kargasok,RU,2021-03-04 05:24:49,59.0556,80.8572,16.23,89,100,12.33
40,Caravelas,BR,2021-03-04 05:24:50,-17.7125,-39.2481,73.76,87,91,2.3
41,Rikitea,PF,2021-03-04 05:24:50,-23.1203,-134.9692,80.58,80,64,7.58
42,Leningradskiy,RU,2021-03-04 05:24:50,69.3833,178.4167,-11.25,91,100,25.1
43,Punta Alta,AR,2021-03-04 05:24:50,-38.8759,-62.0736,76.96,62,17,7.85
44,Bluff,NZ,2021-03-04 05:24:51,-46.6,168.3333,64.0,45,27,8.01
45,Constitucion,CL,2021-03-04 05:24:51,-35.3333,-72.4167,63.3,59,0,9.75
46,Andapa,MG,2021-03-04 05:24:51,-14.65,49.65,75.33,82,76,0.67
47,Camocim,BR,2021-03-04 05:24:52,-2.9022,-40.8411,75.42,89,85,8.3
48,Salina Cruz,MX,2021-03-04 05:24:52,16.1667,-95.2,77.07,68,63,21.25
49,Zhezkazgan,KZ,2021-03-04 05:24:52,47.8043,67.7144,26.6,93,90,11.18
50,Rozsypne,UA,2021-03-04 05:24:52,48.1497,38.5762,29.84,94,0,12.21
51,Srednekolymsk,RU,2021-03-04 05:24:53,67.45,153.6833,-21.19,86,100,16.31
52,Manzhouli,CN,2021-03-04 05:24:53,49.6,117.4333,4.86,83,55,20.92
53,Labuhan,ID,2021-03-04 05:24:53,-6.8844,112.2051,86.9,68,97,5.86
54,Champerico,GT,2021-03-04 05:24:54,14.3,-91.9167,64.0,89,21,5.75
55,Cabra,ES,2021-03-04 05:24:54,37.4725,-4.4421,46.0,89,3,3.44
56,Caiaponia,BR,2021-03-04 05:24:54,-16.9567,-51.8103,68.23,92,89,1.45
57,Beuningen,NL,2021-03-04 05:24:55,51.8608,5.7667,39.99,91,100,1.99
58,Thompson,CA,2021-03-04 05:24:55,55.7435,-97.8558,8.6,92,1,2.3
59,Saint-Philippe,RE,2021-03-04 05:24:55,-21.3585,55.7679,86.0,58,0,5.75
60,Esperance,AU,2021-03-04 05:24:55,-33.8667,121.9,64.4,94,90,13.8
61,Kapaa,US,2021-03-04 05:24:56,22.0752,-159.319,71.6,78,75,19.57
62,Arraial Do Cabo,BR,2021-03-04 05:24:56,-22.9661,-42.0278,76.26,82,3,24.16
63,Sao Miguel Do Araguaia,BR,2021-03-04 05:24:56,-13.275,-50.1628,70.99,93,94,1.66
64,Mount Isa,AU,2021-03-04 05:24:56,-20.7333,139.5,100.4,14,83,21.85
65,Oranjemund,NA,2021-03-04 05:24:57,-28.55,16.4333,61.21,92,0,6.29
66,Ponta Do Sol,PT,2021-03-04 05:24:57,32.6667,-17.1,60.01,78,57,3.0
67,Sioux Lookout,CA,2021-03-04 05:24:57,50.1001,-91.917,14.0,67,1,2.3
68,Saint-Francois,FR,2021-03-04 05:24:58,46.4154,3.9054,32.0,100,0,2.3
69,Ayan,RU,2021-03-04 05:24:58,56.45,138.1667,-0.45,77,70,10.49
70,Georgetown,MY,2021-03-04 05:24:58,5.4112,100.3354,91.0,62,20,6.91
71,Gat,IL,2021-03-04 05:24:59,31.61,34.7642,46.99,100,91,3.0
72,Sharjah,AE,2021-03-04 05:24:56,25.3573,55.4033,78.8,47,0,3.44
73,Port Alfred,ZA,2021-03-04 05:24:59,-33.5906,26.891,71.01,92,74,1.01
74,Yellowknife,CA,2021-03-04 05:25:00,62.456,-114.3525,-11.99,70,20,9.22
75,Upernavik,GL,2021-03-04 05:25:00,72.7868,-56.1549,-7.08,89,100,17.83
76,Sangmelima,CM,2021-03-04 05:25:00,2.9333,11.9833,67.55,98,81,1.63
77,Sorland,NO,2021-03-04 05:25:01,67.667,12.6934,33.71,85,61,21.94
78,Pevek,RU,2021-03-04 05:25:01,69.7008,170.3133,2.86,89,100,10.13
79,Mar Del Plata,AR,2021-03-04 05:25:07,-38.0023,-57.5575,71.01,94,0,3.44
80,Chake Chake,TZ,2021-03-04 05:25:07,-5.2459,39.7666,81.63,70,87,14.0
81,Impfondo,CG,2021-03-04 05:25:08,1.6381,18.0667,76.01,55,79,1.52
82,Derzhavinsk,KZ,2021-03-04 05:25:08,51.1,66.3167,29.97,98,100,27.22
83,Vaini,TO,2021-03-04 05:25:08,-21.2,-175.2,82.4,78,75,9.22
84,Nikolskoye,RU,2021-03-04 05:25:09,59.7035,30.7861,27.0,86,0,11.18
85,Torbay,CA,2021-03-04 05:25:09,47.6666,-52.7314,23.0,86,90,18.41
86,Lompoc,US,2021-03-04 05:25:09,34.6391,-120.4579,44.6,81,1,5.08
87,Ambalavao,MG,2021-03-04 05:25:10,-21.8333,46.9333,70.9,81,100,1.48
88,Shakawe,BW,2021-03-04 05:25:10,-18.3667,21.85,62.71,80,1,2.84
89,Njeru,UG,2021-03-04 05:25:10,0.4186,33.1731,70.68,82,84,5.46
90,Sabang,ID,2021-03-04 05:25:10,5.8933,95.3214,83.1,78,38,19.55
91,Tiksi,RU,2021-03-04 05:25:11,71.6872,128.8694,-12.87,89,100,10.16
92,Japura,ID,2021-03-04 05:25:11,-0.3167,102.35,92.12,49,47,3.47
93,Dikson,RU,2021-03-04 05:25:11,73.5069,80.5464,-25.46,81,30,12.26
94,Adrar,MR,2021-03-04 05:25:12,20.5022,-10.0711,65.28,13,97,10.27
95,Klaksvik,FO,2021-03-04 05:25:12,62.2266,-6.589,26.6,86,79,9.01
96,Rio Gallegos,AR,2021-03-04 05:23:09,-51.6226,-69.2181,48.2,93,20,6.91
97,El Dorado,US,2021-03-04 05:25:12,38.7666,-120.5177,46.4,57,20,4.72
98,Namibe,AO,2021-03-04 05:25:13,-15.1961,12.1522,72.91,86,0,2.35
99,Kousseri,CM,2021-03-04 05:25:13,12.0769,15.0306,69.8,16,11,8.05
100,Santa Cruz,BO,2021-03-04 05:22:47,-17.8,-63.1667,71.6,94,75,6.91
101,Kariba,ZW,2021-03-04 05:25:14,-16.5167,28.8,69.35,89,57,3.2
102,Castro,BR,2021-03-04 05:25:14,-24.7911,-50.0119,62.8,96,100,3.56
103,Badou,TG,2021-03-04 05:25:15,7.5833,0.6,73.54,91,69,1.19
104,Gardenstown,GB,2021-03-04 05:25:15,57.671,-2.336,39.0,27,100,7.0
105,Zyryanka,RU,2021-03-04 05:25:15,65.75,150.85,-22.95,85,100,26.8
106,Nisia Floresta,BR,2021-03-04 05:25:15,-6.0911,-35.2086,77.0,88,40,5.75
107,Makakilo City,US,2021-03-04 05:24:44,21.3469,-158.0858,73.4,60,75,8.05
108,Kavaratti,IN,2021-03-04 05:25:16,10.5669,72.642,82.06,67,0,5.5
109,Byron Bay,AU,2021-03-04 05:25:16,-28.65,153.6167,77.0,53,40,9.22
110,Saint George,US,2021-03-04 05:25:17,37.1041,-113.5841,55.4,30,90,12.66
111,Ahipara,NZ,2021-03-04 05:25:17,-35.1667,173.1667,68.95,70,3,9.01
112,Ajdabiya,LY,2021-03-04 05:25:17,30.7554,20.2263,49.5,64,0,5.46
113,San Patricio,US,2021-03-04 05:25:17,28.017,-97.5169,55.99,87,40,8.05
114,Bambous Virieux,MU,2021-03-04 05:25:18,-20.3428,57.7575,82.99,83,40,3.44
115,Handlova,SK,2021-03-04 05:25:18,48.7276,18.7601,34.0,100,69,0.16
116,Sorong,ID,2021-03-04 05:25:18,-0.8833,131.25,84.79,66,5,7.02
117,Santa Isabel Do Rio Negro,BR,2021-03-04 05:25:18,-0.4139,-65.0192,72.52,97,62,1.32
118,Belmonte,BR,2021-03-04 05:25:19,-15.8631,-38.8828,71.6,94,40,3.44
119,Sola,VU,2021-03-04 05:25:19,-13.8833,167.55,78.15,90,100,18.12
120,Shingu,JP,2021-03-04 05:25:20,33.7333,135.9833,57.2,72,75,13.8
121,Moron,AR,2021-03-04 05:22:44,-34.6534,-58.6198,77.0,84,68,4.0
122,Huarmey,PE,2021-03-04 05:25:20,-10.0681,-78.1522,73.06,76,74,4.45
123,Vizinga,RU,2021-03-04 05:25:21,61.0749,50.1031,10.36,96,84,2.19
124,Chokurdakh,RU,2021-03-04 05:25:21,70.6333,147.9167,-18.26,87,100,16.26
125,Gongzhuling,CN,2021-03-04 05:25:08,43.5008,124.8198,47.88,54,24,27.92
126,Naryan-Mar,RU,2021-03-04 05:25:22,67.6713,53.087,4.28,93,99,13.33
127,Severo-Kurilsk,RU,2021-03-04 05:25:22,50.6789,156.125,26.02,81,96,36.86
128,Kamaishi,JP,2021-03-04 05:25:22,39.2667,141.8833,50.0,50,40,10.36
129,Ginda,IN,2021-03-04 05:25:23,30.6945,78.4932,73.4,33,0,4.61
130,Dongsheng,CN,2021-03-04 05:25:23,39.8161,109.9776,47.61,19,0,6.69
131,Sarankhola,BD,2021-03-04 05:25:23,22.3082,89.7897,92.37,19,0,5.59
132,Port Elizabeth,ZA,2021-03-04 05:22:34,-33.918,25.5701,68.0,88,20,4.61
133,North Bend,US,2021-03-04 05:25:23,43.4065,-124.2243,46.4,76,90,4.61
134,Hay River,CA,2021-03-04 05:25:24,60.8156,-115.7999,-11.2,77,75,1.14
135,Bethanien,NA,2021-03-04 05:25:24,-26.502,17.1583,69.26,43,0,0.74
136,Luderitz,NA,2021-03-04 05:25:24,-26.6481,15.1594,67.05,61,0,12.68
137,Gornopravdinsk,RU,2021-03-04 05:25:24,60.05,69.9,23.38,97,100,9.42
138,Port Lincoln,AU,2021-03-04 05:25:25,-34.7333,135.8667,66.9,56,0,10.71
139,Biak,ID,2021-03-04 05:25:25,-0.9131,122.8766,79.68,72,100,4.61
140,Atakpame,TG,2021-03-04 05:25:25,7.5333,1.1333,75.07,84,20,3.87
141,Egvekinot,RU,2021-03-04 05:25:26,66.3167,-179.1667,-4.32,95,100,11.92
142,Provideniya,RU,2021-03-04 05:25:26,64.3833,-173.3,1.4,71,0,17.9
143,Airai,TL,2021-03-04 05:25:26,-8.9266,125.4092,73.74,81,17,2.8
144,Carlibaba,RO,2021-03-04 05:25:27,47.5833,25.1333,34.0,87,7,5.53
145,Alofi,NU,2021-03-04 05:25:27,-19.0595,-169.9187,80.6,83,100,6.91
146,Waipawa,NZ,2021-03-04 05:25:27,-41.4122,175.5153,68.0,60,89,16.11
147,Uinskoye,RU,2021-03-04 05:25:27,56.8817,56.5813,13.12,96,70,8.99
148,Atuona,PF,2021-03-04 05:25:28,-9.8,-139.0333,80.4,69,69,8.41
149,Necochea,AR,2021-03-04 05:25:28,-38.5473,-58.7368,71.01,85,33,8.01
150,Asau,RO,2021-03-04 05:25:29,46.4333,26.4,28.4,100,3,3.44
151,Rawson,AR,2021-03-04 05:25:29,-43.3002,-65.1023,61.99,92,87,13.24
152,Kruisfontein,ZA,2021-03-04 05:25:29,-34.0033,24.7314,63.0,93,0,2.33
153,Tuatapere,NZ,2021-03-04 05:25:30,-46.1333,167.6833,64.0,45,74,8.01
154,Atambua,ID,2021-03-04 05:25:30,-9.1061,124.8925,82.17,73,50,4.79
155,Tasiilaq,GL,2021-03-04 05:25:30,65.6145,-37.6368,32.0,80,90,9.22
156,Druzhba,UA,2021-03-04 05:25:30,52.0428,33.9453,28.85,96,0,14.88
157,Chuy,UY,2021-03-04 05:25:31,-33.6971,-53.4616,71.62,92,60,9.95
158,Margate,GB,2021-03-04 05:20:39,51.3813,1.3862,43.0,91,100,4.0
159,Las Cruces,US,2021-03-04 05:20:45,32.3123,-106.7783,61.0,20,9,7.65
160,Kaitangata,NZ,2021-03-04 05:25:31,-46.2817,169.8464,57.0,78,50,5.99
161,Avera,US,2021-03-04 05:25:32,33.194,-82.5271,41.0,77,1,3.44
162,Lebu,CL,2021-03-04 05:25:32,-37.6167,-73.65,60.03,89,0,14.61
163,Tautira,PF,2021-03-04 05:25:32,-17.7333,-149.15,82.4,83,40,6.91
164,Aripuana,BR,2021-03-04 05:24:29,-9.1667,-60.6333,71.65,99,100,1.77
165,Butaritari,KI,2021-03-04 05:25:33,3.0707,172.7902,81.57,81,29,18.79
166,Faanui,PF,2021-03-04 05:25:33,-16.4833,-151.75,83.01,72,100,9.33
167,Nhulunbuy,AU,2021-03-04 05:25:33,-12.2333,136.7667,91.4,62,40,9.22
168,Maningrida,AU,2021-03-04 05:25:33,-12.0667,134.2667,89.4,65,65,8.84
169,Chimbote,PE,2021-03-04 05:25:34,-9.0853,-78.5783,73.76,74,17,6.15
170,Longyearbyen,SJ,2021-03-04 05:25:34,78.2186,15.6401,5.0,61,20,11.5
171,Svetlyy,RU,2021-03-04 05:25:34,54.675,20.1347,35.6,93,75,8.95
172,Victoria,HK,2021-03-04 05:24:16,22.2855,114.1577,66.99,89,91,3.0
173,Gerede,TR,2021-03-04 05:25:35,40.8008,32.1969,26.33,87,0,2.68
174,Buala,SB,2021-03-04 05:25:35,-8.145,159.5921,81.19,79,100,8.34
175,Yangmei,CN,2021-03-04 05:25:35,24.1023,112.5618,63.36,86,92,2.48
176,Kampot,KH,2021-03-04 05:25:35,10.6167,104.1833,89.6,58,20,10.36
177,Phek,IN,2021-03-04 05:25:36,25.6667,94.5,73.72,25,3,2.64
178,George Town,MY,2021-03-04 05:24:59,5.4112,100.3354,91.0,62,20,6.91
179,Girona,ES,2021-03-04 05:24:55,41.9831,2.8249,46.99,100,75,3.44
180,Mabaruma,GY,2021-03-04 05:25:36,8.2,-59.7833,71.11,99,13,1.66
181,Pisco,PE,2021-03-04 05:25:37,-13.7,-76.2167,73.4,78,40,8.05
182,South Lake Tahoe,US,2021-03-04 05:20:42,38.9332,-119.9844,39.99,64,1,6.13
183,Fortuna,US,2021-03-04 05:25:37,40.5982,-124.1573,44.01,1,35,3.15
184,Kodiak,US,2021-03-04 05:25:37,57.79,-152.4072,32.0,55,1,21.85
185,Pauini,BR,2021-03-04 05:25:37,-7.7136,-66.9764,71.76,97,99,2.21
186,Vila Franca Do Campo,PT,2021-03-04 05:25:38,37.7167,-25.4333,60.8,94,75,14.97
187,Hobyo,SO,2021-03-04 05:25:38,5.3505,48.5268,80.62,69,1,19.95
188,Kudahuvadhoo,MV,2021-03-04 05:25:38,2.6708,72.8944,81.18,65,11,11.27
189,Tual,ID,2021-03-04 05:25:38,-5.6667,132.75,82.72,74,89,16.84
190,Cortland,US,2021-03-04 05:25:39,42.6001,-76.083,34.0,86,90,5.75
191,Mahebourg,MU,2021-03-04 05:25:39,-20.4081,57.7,82.4,83,40,3.44
192,Kavieng,PG,2021-03-04 05:25:39,-2.5744,150.7967,83.64,72,63,11.14
193,Santa Rosa,PH,2021-03-04 05:25:40,14.3122,121.1114,87.8,58,75,13.8
194,Louga,RU,2021-03-04 05:25:40,58.7372,29.8453,26.6,98,4,4.92
195,Fairbanks,US,2021-03-04 05:23:55,64.8378,-147.7164,-0.99,77,90,2.46
196,Bathsheba,BB,2021-03-04 05:25:40,13.2167,-59.5167,77.0,73,75,21.85
197,Banda Aceh,ID,2021-03-04 05:25:41,5.5577,95.3222,87.75,62,2,13.98
198,Hithadhoo,MV,2021-03-04 05:25:41,-0.6,73.0833,82.67,69,15,10.54
199,Surany,SK,2021-03-04 05:25:13,48.0861,18.1845,39.99,72,12,2.51
200,Jacqueville,CI,2021-03-04 05:25:41,5.2052,-4.4146,82.4,94,75,10.36
201,Bestobe,KZ,2021-03-04 05:25:41,52.4994,73.0975,24.84,84,100,25.57
202,Ribeira Grande,PT,2021-03-04 05:25:42,38.5167,-28.7,61.2,90,100,14.54
203,Cockburn Town,TC,2021-03-04 05:25:42,21.4612,-71.1419,76.87,83,0,15.28
204,Juneau,US,2021-03-04 05:22:52,58.3019,-134.4197,37.0,86,90,3.44
205,Safaga,EG,2021-03-04 05:25:28,26.7292,33.9365,55.4,38,0,14.97
206,Batemans Bay,AU,2021-03-04 05:25:43,-35.7167,150.1833,77.0,60,0,1.99
207,East London,ZA,2021-03-04 05:24:28,-33.0153,27.9116,69.8,88,75,6.91
208,Talnakh,RU,2021-03-04 05:25:43,69.4865,88.3972,-16.91,76,39,10.36
209,Sao Filipe,CV,2021-03-04 05:25:43,14.8961,-24.4956,69.84,76,54,10.04
210,Los Llanos De Aridane,ES,2021-03-04 05:25:44,28.6585,-17.9182,60.8,67,0,5.75
211,Sawakin,SD,2021-03-04 05:25:44,19.1059,37.3321,70.5,64,66,10.87
212,Cabo San Lucas,MX,2021-03-04 05:23:50,22.8909,-109.9124,68.0,28,20,14.12
213,Norman Wells,CA,2021-03-04 05:25:44,65.282,-126.8329,-25.6,75,1,4.05
214,Galle,LK,2021-03-04 05:25:45,6.0367,80.217,84.36,55,8,9.1
215,Pozo Colorado,PY,2021-03-04 05:25:45,-23.4923,-58.7972,74.57,93,56,4.09
216,Naze,JP,2021-03-04 05:23:46,28.3667,129.4833,71.6,60,40,13.8
217,Ruwi,OM,2021-03-04 05:25:46,23.5996,58.5507,91.4,24,0,2.3
218,Binabalian,PH,2021-03-04 05:25:46,16.4202,119.9279,83.16,69,0,6.78
219,At-Bashi,KG,2021-03-04 05:21:22,41.1702,75.8106,24.75,68,15,0.92
220,Saint-Leu,RE,2021-03-04 05:25:47,-21.15,55.2833,86.0,58,0,5.75
221,Salalah,OM,2021-03-04 05:25:47,17.0151,54.0924,77.0,69,0,3.44
222,Tarauaca,BR,2021-03-04 05:25:47,-8.1614,-70.7656,71.19,96,100,1.66
223,Morondava,MG,2021-03-04 05:25:03,-20.2833,44.2833,76.84,91,100,11.18
224,Preston,GB,2021-03-04 05:24:50,53.7667,-2.7167,37.99,88,86,4.29
225,Yerbogachen,RU,2021-03-04 05:25:48,61.2767,108.0108,-18.9,83,8,5.77
226,Cidreira,BR,2021-03-04 05:25:49,-30.1811,-50.2056,74.55,91,64,1.99
227,Divicani,BA,2021-03-04 05:25:49,44.3667,17.3261,32.0,86,0,6.91
228,Yanji,CN,2021-03-04 05:25:49,42.9075,129.5078,45.46,54,22,0.89
229,Hofn,IS,2021-03-04 05:25:49,64.2539,-15.2082,35.11,85,40,8.14
230,Ucluelet,CA,2021-03-04 05:25:50,48.9329,-125.5528,45.0,82,100,1.01
231,Turukhansk,RU,2021-03-04 05:25:50,65.8167,87.9833,-6.43,90,100,18.97
232,Bredasdorp,ZA,2021-03-04 05:25:50,-34.5322,20.0403,66.2,88,84,6.91
233,Gazanjyk,TM,2021-03-04 05:25:51,39.2446,55.5154,47.01,71,92,10.87
234,Bonthe,SL,2021-03-04 05:25:51,7.5264,-12.505,77.76,92,2,5.23
235,Poum,NC,2021-03-04 05:25:51,-20.2333,164.0167,78.48,85,100,12.93
236,Aginskoye,RU,2021-03-04 05:25:52,51.1,114.53,4.89,81,2,15.37
237,Ambad,IN,2021-03-04 05:25:52,19.6167,75.8,86.0,17,0,2.3
238,Khani,GE,2021-03-04 05:25:52,41.9563,42.9566,39.2,93,0,3.44
239,Puerto Ayacucho,VE,2021-03-04 05:25:52,5.6639,-67.6236,79.23,63,66,2.01
240,Matara,LK,2021-03-04 05:25:53,5.9485,80.5353,84.22,56,0,10.63
241,Dingle,PH,2021-03-04 05:25:53,10.9995,122.6711,84.96,70,83,14.76
242,Ulaangom,MN,2021-03-04 05:25:54,49.9811,92.0667,12.65,94,88,4.7
243,Ballitoville,ZA,2021-03-04 05:25:54,-29.539,31.2144,72.0,94,0,3.44
244,Grande Prairie,CA,2021-03-04 05:25:54,55.1667,-118.8027,17.6,86,40,2.3
245,Ambilobe,MG,2021-03-04 05:25:55,-13.2,49.05,80.73,85,36,0.45
246,Sur,OM,2021-03-04 05:25:55,22.5667,59.5289,85.89,34,0,0.78
247,Burnie,AU,2021-03-04 05:25:55,-41.0667,145.9167,70.0,55,72,28.01
248,Saskylakh,RU,2021-03-04 05:25:56,71.9167,114.0833,-34.19,80,39,0.87
249,Saldanha,ZA,2021-03-04 05:25:56,-33.0117,17.9442,62.6,88,13,4.61
250,Ostrovnoy,RU,2021-03-04 05:25:56,68.0531,39.5131,14.58,87,100,13.73
251,Kieta,PG,2021-03-04 05:25:56,-6.2167,155.6333,83.23,73,89,11.41
252,Denpasar,ID,2021-03-04 05:25:56,-8.65,115.2167,86.0,74,40,12.66
253,Tupik,RU,2021-03-04 05:25:57,54.4253,119.9327,-6.02,76,98,10.71
254,Muravlenko,RU,2021-03-04 05:25:57,63.7898,74.523,8.83,95,97,14.65
255,Braganca,BR,2021-03-04 05:25:57,-1.0536,-46.7656,73.11,98,100,1.9
256,Pangnirtung,CA,2021-03-04 05:25:57,66.1451,-65.7125,10.26,82,100,1.79
257,Ust-Ilimsk,RU,2021-03-04 05:25:58,58.0006,102.6619,-5.21,84,1,5.17
258,Boyolangu,ID,2021-03-04 05:25:58,-8.1181,111.8935,85.55,66,100,7.45
259,Kamsack,CA,2021-03-04 05:24:34,51.5667,-101.9009,19.4,100,90,3.44
260,Manggar,ID,2021-03-04 05:25:59,-2.8833,108.2667,87.21,60,26,4.07
261,Jizan,SA,2021-03-04 05:25:59,17.3333,42.6667,78.8,78,20,4.61
262,Ulladulla,AU,2021-03-04 05:25:59,-35.35,150.4667,80.6,44,0,6.91
263,Salinas,US,2021-03-04 05:26:00,36.6777,-121.6555,51.8,76,75,3.44
264,Lhokseumawe,ID,2021-03-04 05:26:00,5.1801,97.1507,87.69,59,1,11.3
265,Marsa Matruh,EG,2021-03-04 05:26:00,31.3525,27.2453,57.2,67,40,9.22
266,Teahupoo,PF,2021-03-04 05:26:01,-17.8333,-149.2667,82.4,83,40,6.91
267,Sangar,RU,2021-03-04 05:26:01,63.9242,127.4739,-27.38,94,100,7.83
268,Brandon,US,2021-03-04 05:23:01,27.9378,-82.2859,60.8,82,90,4.88
269,Kabugao,PH,2021-03-04 05:26:01,18.0217,121.1842,86.56,53,57,3.87
270,Le Port,RE,2021-03-04 05:26:02,-20.9373,55.2919,84.2,65,40,9.22
271,Vaitape,PF,2021-03-04 05:26:02,-16.5167,-151.75,82.96,73,100,10.36
272,Khatanga,RU,2021-03-04 05:26:02,71.9667,102.5,-30.05,81,0,6.87
273,Pizarro,CO,2021-03-04 05:26:02,4.9533,-77.366,76.33,85,32,1.97
274,Dubbo,AU,2021-03-04 05:22:05,-32.25,148.6167,84.2,24,40,11.5
275,Karaton,ID,2021-03-04 05:26:03,-6.3424,106.1045,90.0,62,40,8.05
276,Luganville,VU,2021-03-04 05:26:03,-15.5333,167.1667,77.72,91,100,7.23
277,Kibala,TD,2021-03-04 05:26:03,9.1104,18.3463,71.6,35,0,4.61
278,Camargo,MX,2021-03-04 05:26:04,27.6667,-105.1667,68.77,24,74,10.04
279,Guerrero Negro,MX,2021-03-04 05:26:04,27.9769,-114.0611,59.25,74,8,10.11
280,Vilela,PT,2021-03-04 05:26:04,41.2251,-7.6034,48.0,91,100,3.51
281,Bilibino,RU,2021-03-04 05:26:05,68.0546,166.4372,-1.1,89,100,18.25
282,Salinopolis,BR,2021-03-04 05:21:26,-0.6136,-47.3561,77.65,87,99,8.43
283,Kem,RU,2021-03-04 05:26:05,64.9555,34.5793,11.28,96,35,8.03
284,Yertsevo,RU,2021-03-04 05:26:05,60.7966,40.086,18.52,97,100,9.73
285,Lata,PT,2021-03-04 05:26:06,40.1629,-8.3327,57.0,89,100,1.63
286,Balikpapan,ID,2021-03-04 05:26:06,-1.2675,116.8289,86.27,62,83,6.62
287,Cabedelo,BR,2021-03-04 05:26:06,-6.9811,-34.8339,75.2,100,20,6.91
288,Saint Anthony,US,2021-03-04 05:26:06,45.0205,-93.218,36.0,69,1,3.53
289,Kloulklubed,PW,2021-03-04 05:26:07,7.0419,134.2556,86.0,70,75,14.97
290,Merauke,ID,2021-03-04 05:26:08,-8.4667,140.3333,83.84,76,100,9.46
291,Aksarka,RU,2021-03-04 05:26:08,66.5606,67.7975,4.89,96,100,5.88
292,Northam,GB,2021-03-04 05:26:08,51.0333,-4.2167,45.0,95,90,1.99
293,Shieli,KZ,2021-03-04 05:26:08,44.1667,66.75,41.7,63,74,11.14
294,Kindu,CD,2021-03-04 05:26:09,-2.95,25.95,67.78,96,96,3.06
295,Meulaboh,ID,2021-03-04 05:26:09,4.1363,96.1285,85.64,66,1,4.23
296,Sao Joao Da Barra,BR,2021-03-04 05:23:24,-21.6403,-41.0511,75.02,90,99,13.71
297,Tanout,NE,2021-03-04 05:26:10,14.9709,8.8879,66.72,21,0,11.9
298,Grants,US,2021-03-04 05:26:10,35.1473,-107.8514,42.8,36,75,9.22
299,Araceli,PH,2021-03-04 05:26:10,10.5529,119.9913,81.48,81,3,17.38
300,Bengkulu,ID,2021-03-04 05:26:11,-3.8004,102.2655,86.79,60,39,8.01
301,Upata,VE,2021-03-04 05:26:11,8.0086,-62.3989,73.99,90,32,5.01
302,Kemijarvi,FI,2021-03-04 05:26:11,66.7131,27.4306,16.25,94,36,9.8
303,Carutapera,BR,2021-03-04 05:26:12,-1.195,-46.02,75.25,90,9,4.12
304,Tuktoyaktuk,CA,2021-03-04 05:26:12,69.4541,-133.0374,-25.6,75,40,2.3
305,Yulara,AU,2021-03-04 05:26:13,-25.2406,130.9889,100.4,13,11,9.22
306,Berdigestyakh,RU,2021-03-04 05:26:13,62.0989,126.6992,-19.79,89,100,9.62
307,Niquero,CU,2021-03-04 05:26:13,20.0431,-77.5828,74.68,80,0,4.32
308,Katsuura,JP,2021-03-04 05:26:13,35.1333,140.3,55.99,58,75,4.61
309,Chicama,PE,2021-03-04 05:26:14,-7.8447,-79.1469,75.25,71,64,4.41
310,Boguchany,RU,2021-03-04 05:26:14,58.3814,97.4531,-8.5,84,100,5.73
311,Cap Malheureux,MU,2021-03-04 05:26:14,-19.9842,57.6142,82.99,66,17,3.0
312,Ati,TD,2021-03-04 05:26:15,13.2154,18.3353,67.6,23,87,10.29
313,Sovetskiy,RU,2021-03-04 05:26:15,61.3614,63.5842,14.56,96,68,5.68
314,Beringovskiy,RU,2021-03-04 05:26:16,63.05,179.3167,26.42,98,100,47.58
315,Mana,GF,2021-03-04 05:26:16,5.6592,-53.7767,76.35,89,100,11.59
316,Olafsvik,IS,2021-03-04 05:26:16,64.8945,-23.7142,40.48,91,91,17.4
317,Kiama,AU,2021-03-04 05:26:16,-34.6833,150.8667,82.0,68,1,8.99
318,Nizhniy Bestyakh,RU,2021-03-04 05:26:17,61.9594,129.9086,-20.2,57,0,8.95
319,Atar,MR,2021-03-04 05:26:17,20.5169,-13.0499,66.79,23,100,9.75
320,Grand Gaube,MU,2021-03-04 05:26:17,-20.0064,57.6608,82.99,66,38,3.0
321,Neuquen,AR,2021-03-04 05:26:17,-38.9516,-68.0591,68.0,88,0,15.66
322,Qaqortoq,GL,2021-03-04 05:26:18,60.7167,-46.0333,48.2,34,75,44.87
323,Odweyne,SO,2021-03-04 05:26:18,9.4092,45.064,72.01,40,1,13.8
324,Inhambane,MZ,2021-03-04 05:26:18,-23.865,35.3833,78.8,83,40,6.91
325,Narimanov,RU,2021-03-04 05:26:18,46.6927,47.8498,32.0,80,0,13.42
326,Taoudenni,ML,2021-03-04 05:26:19,22.6783,-3.9836,67.14,22,95,9.86
327,Ancud,CL,2021-03-04 05:26:19,-41.8697,-73.8203,55.4,82,0,5.75
328,Iqaluit,CA,2021-03-04 05:26:19,63.7506,-68.5145,-2.2,78,90,27.63
329,Bonavista,CA,2021-03-04 05:26:19,48.6499,-53.1147,23.0,85,60,5.75
330,Pacific Grove,US,2021-03-04 05:21:58,36.6177,-121.9166,51.8,76,1,5.75
331,Kahului,US,2021-03-04 05:22:19,20.8947,-156.47,69.8,73,1,11.5
332,Mount Gambier,AU,2021-03-04 05:23:14,-37.8333,140.7667,64.4,63,90,12.66
333,Jacksonville,US,2021-03-04 05:23:47,30.3322,-81.6556,51.8,93,20,4.61
334,Sisimiut,GL,2021-03-04 05:26:20,66.9395,-53.6735,22.33,89,100,12.12
335,Basse,DE,2021-03-04 05:26:21,52.5518,9.5069,37.99,100,67,9.22
336,Cherskiy,RU,2021-03-04 05:26:21,68.75,161.3,0.36,93,100,5.5
337,Strzelce Krajenskie,PL,2021-03-04 05:26:22,52.8773,15.5298,43.0,73,73,3.0
338,Camacha,PT,2021-03-04 05:26:22,33.0833,-16.3333,60.8,82,75,6.91
339,Ubinskoye,RU,2021-03-04 05:26:22,55.3068,79.6802,19.89,97,100,18.59
340,Lasa,IT,2021-03-04 05:26:23,46.6166,10.7002,36.0,80,0,5.75
341,Abu Dhabi,AE,2021-03-04 05:23:32,24.4667,54.3667,75.2,78,0,3.44
342,Ejido,VE,2021-03-04 05:26:23,8.5514,-71.2375,66.76,56,80,2.15
343,Fort Nelson,CA,2021-03-04 05:26:23,58.8053,-122.7002,8.6,72,75,8.05
344,Shenjiamen,CN,2021-03-04 05:26:23,29.9576,122.298,50.7,81,43,17.85
345,Sumbe,AO,2021-03-04 05:26:24,-11.2061,13.8437,76.71,84,99,4.94
346,Carbonia,IT,2021-03-04 05:26:24,39.1672,8.5222,52.0,100,40,4.61
347,Kangaatsiaq,GL,2021-03-04 05:26:24,68.3065,-53.4641,18.73,87,94,13.87
348,Clyde River,CA,2021-03-04 05:26:24,70.4692,-68.5914,-22.0,76,1,3.44
349,Ust-Maya,RU,2021-03-04 05:26:25,60.4167,134.5333,-16.76,84,100,7.87
350,Rapid City,US,2021-03-04 05:25:03,44.0805,-103.231,39.99,56,1,3.44
351,Argir,FO,2021-03-04 05:26:25,61.9959,-6.7715,26.6,86,85,8.66
352,Nortelandia,BR,2021-03-04 05:26:26,-14.4547,-56.8028,72.41,93,98,4.27
353,Sistranda,NO,2021-03-04 05:26:26,63.7256,8.834,33.8,86,20,19.57
354,Vardo,NO,2021-03-04 05:26:26,70.3705,31.1107,21.2,73,75,9.22
355,Geraldton,AU,2021-03-04 05:26:27,-28.7667,114.6,82.4,57,90,17.27
356,Cape Canaveral,US,2021-03-04 05:26:27,28.4058,-80.6048,61.0,88,90,11.5
357,Narsaq,GL,2021-03-04 05:26:27,60.9167,-46.05,48.2,34,75,44.87
358,Hami,CN,2021-03-04 05:23:20,42.8,93.45,46.58,49,95,12.17
359,Livingstonia,MW,2021-03-04 05:26:28,-10.606,34.1063,63.21,98,100,2.73
360,Coihaique,CL,2021-03-04 05:26:28,-45.5752,-72.0662,50.0,87,20,5.75
361,Sitka,US,2021-03-04 05:26:28,57.0531,-135.33,35.6,93,90,5.75
362,Janoshalma,HU,2021-03-04 05:26:29,46.2986,19.3258,37.99,65,36,4.99
363,Bontang,ID,2021-03-04 05:26:29,0.1333,117.5,83.53,69,96,11.36
364,Vao,NC,2021-03-04 05:26:29,-22.6667,167.4833,79.27,84,100,11.72
365,San Cristobal,VE,2021-03-04 05:26:30,7.7669,-72.225,64.92,65,66,1.48
366,Dedza,MW,2021-03-04 05:26:30,-14.3779,34.3332,59.97,100,100,3.04
367,Sayyan,YE,2021-03-04 05:26:30,15.1718,44.3244,57.97,35,0,5.08
368,Amahai,ID,2021-03-04 05:26:31,-3.3333,128.9167,88.0,56,94,3.87
369,Pochutla,MX,2021-03-04 05:26:31,15.7432,-96.4661,73.99,80,25,3.0
370,Ziro,IN,2021-03-04 05:26:31,27.6333,93.8333,77.0,57,75,2.3
371,Scarborough,GB,2021-03-04 05:26:31,54.2797,-0.4044,37.99,85,100,1.99
372,Mahmudabad,IN,2021-03-04 05:26:31,27.3,81.1167,78.8,41,0,3.44
373,Alappuzha,IN,2021-03-04 05:26:32,9.49,76.3264,83.1,56,1,2.28
374,Lorengau,PG,2021-03-04 05:26:32,-2.0226,147.2712,82.47,80,60,13.06
375,The Valley,AI,2021-03-04 05:26:06,18.217,-63.0578,77.0,78,20,10.36
376,Cap-Aux-Meules,CA,2021-03-04 05:26:33,47.3821,-61.8597,23.0,93,96,27.63
377,Segovia,ES,2021-03-04 05:26:33,41.1667,-4.0,39.99,91,0,6.15
378,Komsomolskiy,UZ,2021-03-04 05:26:33,40.4272,71.7189,44.6,76,78,6.91
379,Dzaoudzi,YT,2021-03-04 05:26:33,-12.7887,45.2699,84.2,74,20,11.5
380,Birjand,IR,2021-03-04 05:26:34,32.8663,59.2211,55.4,24,0,6.91
381,Nuuk,GL,2021-03-04 05:26:34,64.1835,-51.7216,41.0,52,75,21.85
382,Dzhebariki-Khaya,RU,2021-03-04 05:26:34,62.2167,135.8,-16.04,83,100,3.85
383,Opuwo,NA,2021-03-04 05:26:34,-18.0607,13.84,63.91,67,25,4.79
384,Aswan,EG,2021-03-04 05:26:35,24.0934,32.907,50.85,55,0,12.95
385,Havelock,US,2021-03-04 05:26:35,34.8791,-76.9013,44.01,93,1,4.29
386,Kiruna,SE,2021-03-04 05:26:35,67.8557,20.2251,15.8,73,0,9.22
387,Huangchuan,CN,2021-03-04 05:26:35,32.1272,115.0394,62.26,51,0,9.15
388,Husavik,IS,2021-03-04 05:26:36,66.0449,-17.3389,30.2,86,0,12.17
389,San Rafael,AR,2021-03-04 05:26:36,-34.6177,-68.3301,77.67,42,2,7.05
390,Kutum,SD,2021-03-04 05:26:36,14.2,24.6667,53.82,36,81,10.6
391,Manokwari,ID,2021-03-04 05:26:36,-0.8667,134.0833,83.19,73,77,7.2
392,Dudinka,RU,2021-03-04 05:26:37,69.4058,86.1778,-9.22,81,100,9.8
393,Sabha,LY,2021-03-04 05:26:37,27.0377,14.4283,52.25,49,0,19.86
394,Karpathos,GR,2021-03-04 05:26:37,35.507,27.2132,55.4,71,0,20.71
395,Asyut,EG,2021-03-04 05:26:37,27.181,31.1837,50.0,76,0,11.5
396,Adre,TD,2021-03-04 05:26:38,13.4667,22.2,64.13,24,100,19.57
397,Kopavogur,IS,2021-03-04 05:26:38,64.1123,-21.913,37.4,81,75,8.05
398,Ipixuna,BR,2021-03-04 05:26:39,-1.7625,-48.8043,75.2,94,0,4.61
399,Kathu,TH,2021-03-04 05:26:39,7.9178,98.3332,89.6,58,20,10.36
400,Hendek,TR,2021-03-04 05:26:39,40.7994,30.7481,33.8,100,75,2.44
401,Mattru,SL,2021-03-04 05:26:39,7.6244,-11.8332,76.03,96,12,2.39
402,Bugulma,RU,2021-03-04 05:26:40,54.55,52.8,13.12,97,98,15.26
403,Moindou,NC,2021-03-04 05:26:40,-21.6924,165.677,80.6,78,40,4.61
404,Alexandria,EG,2021-03-04 05:26:40,31.2156,29.9553,57.2,67,40,14.97
405,Portland,US,2021-03-04 05:26:41,45.5234,-122.6762,46.99,75,1,2.26
406,Marsh Harbour,BS,2021-03-04 05:26:41,26.5412,-77.0636,72.81,72,43,16.53
407,Dayong,CN,2021-03-04 05:26:41,25.0209,118.2898,62.6,77,90,6.71
408,Villa Carlos Paz,AR,2021-03-04 05:26:41,-31.4241,-64.4978,71.01,93,51,4.0
409,Alihe,CN,2021-03-04 05:26:42,50.5667,123.7167,26.22,84,100,8.25
410,Gushikawa,JP,2021-03-04 05:26:42,26.3544,127.8686,73.4,64,75,17.27
411,Vestmannaeyjar,IS,2021-03-04 05:26:43,63.4427,-20.2734,39.38,79,92,12.44
412,Kolondieba,ML,2021-03-04 05:26:43,11.0882,-6.8926,74.43,22,4,1.92
413,Kishtwar,IN,2021-03-04 05:26:44,33.3167,75.7667,58.39,33,41,0.76
414,Whyalla,AU,2021-03-04 05:26:44,-33.0333,137.5833,78.8,25,0,14.97
415,Imuris,MX,2021-03-04 05:26:44,30.7833,-110.8667,51.48,61,0,3.74
416,Rocha,UY,2021-03-04 05:26:45,-34.4833,-54.3333,68.45,94,84,6.11
417,Burgeo,CA,2021-03-04 05:26:45,47.6167,-57.6152,22.77,94,97,25.08
418,Johvi,EE,2021-03-04 05:26:46,59.3592,27.4211,27.5,96,0,10.69
419,Njombe,TZ,2021-03-04 05:26:46,-9.3333,34.7667,58.62,97,100,3.98
420,Sarangani,PH,2021-03-04 05:26:46,5.4033,125.4636,82.49,75,89,21.56
421,Rafai,CF,2021-03-04 05:26:46,4.95,23.9167,64.06,40,22,0.34
422,Methoni,GR,2021-03-04 05:26:47,36.8197,21.7049,51.01,75,0,1.32
423,Waitati,NZ,2021-03-04 05:26:47,-45.75,170.5667,57.0,82,100,18.01
424,North Platte,US,2021-03-04 05:26:47,41.1239,-100.7654,33.8,60,1,6.87
425,Galesong,ID,2021-03-04 05:26:48,-5.3166,119.3661,87.8,70,20,9.22
426,Acapulco,MX,2021-03-04 05:22:38,16.8634,-99.8901,74.97,71,0,4.76
427,Adelanto,US,2021-03-04 05:26:48,34.5828,-117.4092,42.01,83,53,8.99
428,Tahlequah,US,2021-03-04 05:24:18,35.9154,-94.97,46.0,87,1,4.83
429,Arenapolis,BR,2021-03-04 05:26:48,-14.4503,-56.8461,72.19,90,98,4.36
430,Basco,PH,2021-03-04 05:26:49,20.4487,121.9702,75.33,81,2,14.99
431,Ranong,TH,2021-03-04 05:26:49,9.9658,98.6348,91.4,55,40,10.36
432,Chipata,ZM,2021-03-04 05:26:49,-13.6333,32.65,65.01,97,99,3.76
433,Osakarovka,KZ,2021-03-04 05:26:49,50.565,72.5692,18.86,85,100,21.12
434,Matagami,CA,2021-03-04 05:26:50,49.7502,-77.6328,-9.4,84,1,12.66
435,Raton,US,2021-03-04 05:26:50,36.9034,-104.4391,39.2,12,1,4.61
436,Gunjur,GM,2021-03-04 05:26:50,13.2019,-16.7339,66.2,68,18,8.08
437,Gubin,PL,2021-03-04 05:26:51,51.9496,14.7284,42.01,85,20,5.01
438,Berlevag,NO,2021-03-04 05:26:51,70.8578,29.0864,28.4,69,40,25.32
439,Erenhot,CN,2021-03-04 05:26:51,43.6475,111.9767,38.7,66,52,7.76
440,Dunedin,NZ,2021-03-04 05:26:51,-45.8742,170.5036,57.0,74,100,1.01
441,Kizema,RU,2021-03-04 05:26:52,61.113,44.8302,17.67,97,100,5.35
442,Broome,US,2021-03-04 05:26:52,42.2506,-75.833,35.01,80,90,9.22
443,Parrita,CR,2021-03-04 05:26:52,9.5201,-84.3225,66.2,68,0,13.8
444,Verkhoyansk,RU,2021-03-04 05:24:00,67.5447,133.385,-22.95,81,100,2.01
445,Tari,NG,2021-03-04 05:26:53,12.4086,4.4914,74.66,19,2,12.8
446,Lavrentiya,RU,2021-03-04 05:26:53,65.5833,-171.0,-12.96,88,99,6.55
447,Nombre De Dios,MX,2021-03-04 05:26:53,23.85,-104.2333,55.53,39,3,3.09
448,Goderich,CA,2021-03-04 05:26:53,43.7501,-81.7165,32.0,86,99,16.11
449,Aipe,CO,2021-03-04 05:26:54,3.2222,-75.2367,74.48,69,59,1.12
450,Sal Rei,CV,2021-03-04 05:26:54,16.1833,-22.9167,68.0,83,75,18.41
451,Zeya,RU,2021-03-04 05:26:54,53.75,127.2667,4.24,80,100,7.67
452,Seddon,AU,2021-03-04 05:26:55,-37.8068,144.8916,71.01,56,90,16.11
453,Lesnoy,RU,2021-03-04 05:26:55,57.6198,63.0784,21.18,98,100,6.78
454,Port Hawkesbury,CA,2021-03-04 05:26:55,45.6169,-61.3485,26.6,50,1,24.16
455,Xuddur,SO,2021-03-04 05:26:56,4.1213,43.8894,72.95,73,52,22.48
456,Elk Point,US,2021-03-04 05:26:56,42.6833,-96.6836,45.0,82,0,1.01
457,Ilulissat,GL,2021-03-04 05:26:56,69.2167,-51.1,26.6,80,91,12.66
458,Dawson Creek,CA,2021-03-04 05:26:57,55.7666,-120.2362,33.8,55,1,6.91
459,Riyadh,SA,2021-03-04 05:26:57,24.6877,46.7219,66.2,30,0,8.05
460,Aklavik,CA,2021-03-04 05:26:57,68.2191,-135.0107,-20.2,76,97,1.14
461,Kyabram,AU,2021-03-04 05:26:58,-36.3167,145.05,81.0,33,6,1.01
462,Chumikan,RU,2021-03-04 05:26:58,54.7183,135.315,5.67,87,100,1.79
463,Coruripe,BR,2021-03-04 05:26:58,-10.1256,-36.1756,76.44,81,1,5.46
464,Kerkrade,NL,2021-03-04 05:26:59,50.8658,6.0625,46.0,93,75,10.36
465,Hambantota,LK,2021-03-04 05:26:59,6.1241,81.1185,86.0,66,40,6.91
466,Souillac,MU,2021-03-04 05:26:59,-20.5167,57.5167,82.4,83,40,3.44
467,Sladkovo,RU,2021-03-04 05:27:00,55.5284,70.3385,27.93,98,100,14.72
468,Ada,US,2021-03-04 05:27:00,43.4166,-116.1262,43.0,65,1,1.41
469,Umea,SE,2021-03-04 05:27:00,63.8284,20.2597,21.0,86,0,10.36
470,Chickasha,US,2021-03-04 05:26:24,35.0526,-97.9364,48.2,57,1,8.05
471,Westport,US,2021-03-04 05:25:06,41.1415,-73.3579,39.0,60,75,3.44
472,Griffith,US,2021-03-04 05:27:01,41.5284,-87.4237,35.01,100,1,7.38
473,Port-Gentil,GA,2021-03-04 05:27:01,-0.7193,8.7815,80.6,94,75,3.44
474,Omsukchan,RU,2021-03-04 05:27:02,62.5333,155.8,-31.7,89,100,9.17
475,Senanga,ZM,2021-03-04 05:27:02,-16.1167,23.2667,63.66,94,74,4.61
476,Antofagasta,CL,2021-03-04 05:25:48,-23.65,-70.4,64.4,88,20,3.44
477,Muscat,OM,2021-03-04 05:26:45,23.6139,58.5922,91.4,24,0,2.3
478,Port Hardy,CA,2021-03-04 05:27:02,50.6996,-127.4199,44.6,87,90,10.36
479,Jalu,LY,2021-03-04 05:27:03,29.0331,21.5482,44.92,77,0,4.27
480,Hirara,JP,2021-03-04 05:27:03,24.8,125.2833,75.2,69,40,12.66
481,Morgan City,US,2021-03-04 05:27:03,29.6994,-91.2068,51.8,87,1,4.61
482,Itarema,BR,2021-03-04 05:27:04,-2.9248,-39.9167,77.25,84,47,9.08
483,Basoko,CD,2021-03-04 05:27:04,1.2391,23.616,71.55,75,95,1.07
484,Muskegon,US,2021-03-04 05:27:04,43.3,-86.1334,30.99,93,1,5.75
485,Petropavlovsk-Kamchatskiy,RU,2021-03-04 05:24:32,53.0452,158.6483,17.6,53,75,15.66
486,Coquimbo,CL,2021-03-04 05:23:16,-29.9533,-71.3436,60.8,88,90,4.61
487,Zambezi,ZM,2021-03-04 05:27:05,-13.5432,23.1047,62.82,96,100,1.88
488,Samarai,PG,2021-03-04 05:27:06,-10.6167,150.6667,84.45,74,100,12.75
489,Yagodnoye,RU,2021-03-04 05:27:06,62.55,149.6667,-15.77,83,100,1.39
490,Pringsewu,ID,2021-03-04 05:27:06,-5.3582,104.9744,86.54,58,83,3.29
491,Seydi,TM,2021-03-04 05:27:07,39.4816,62.9137,52.3,47,62,6.64
492,Bismarck,US,2021-03-04 05:25:03,46.8083,-100.7837,42.01,80,1,8.05
493,Nurota,UZ,2021-03-04 05:27:07,40.5614,65.6886,55.4,47,45,4.61
494,Areia Branca,BR,2021-03-04 05:27:07,-4.9561,-37.1369,78.13,76,68,15.43
495,Zhigansk,RU,2021-03-04 05:27:08,66.7697,123.3711,-26.95,82,100,8.68
496,Milkovo,RU,2021-03-04 05:27:08,54.7167,158.6167,11.05,84,39,16.6
497,Cotonou,BJ,2021-03-04 05:23:45,6.3654,2.4183,84.2,84,40,12.66
498,Sidmouth,GB,2021-03-04 05:27:09,50.6909,-3.2397,45.0,95,97,8.99
499,Oussouye,SN,2021-03-04 05:27:09,12.485,-16.5469,69.8,88,0,5.28
500,Moa,CU,2021-03-04 05:26:06,20.6569,-74.9403,73.98,80,2,8.48
501,Sao Felix Do Xingu,BR,2021-03-04 05:27:10,-6.6447,-51.995,69.42,96,98,0.69
502,Tabou,CI,2021-03-04 05:27:10,4.423,-7.3528,78.3,90,13,7.65
503,Puerto Baquerizo Moreno,EC,2021-03-04 05:27:10,-0.9,-89.6,78.62,85,7,1.92
504,Roebourne,AU,2021-03-04 05:27:11,-20.7833,117.1333,88.77,46,13,8.34
505,Okahandja,NA,2021-03-04 05:27:11,-21.9833,16.9167,59.0,63,0,6.91
506,Fonte Boa,BR,2021-03-04 05:27:12,-2.4959,-66.2662,71.87,96,68,2.28
507,Yenagoa,NG,2021-03-04 05:27:12,4.9247,6.2642,77.38,92,100,2.3
508,Sehithwa,BW,2021-03-04 05:27:12,-20.4667,22.7167,68.0,63,26,3.33
509,Radom,PL,2021-03-04 05:25:21,51.4025,21.1471,39.99,73,81,12.66
510,Vilhena,BR,2021-03-04 05:27:12,-12.7406,-60.1458,66.92,100,100,4.07
511,Quelimane,MZ,2021-03-04 05:26:57,-17.8786,36.8883,77.0,94,75,6.91
512,Mandera,KE,2021-03-04 05:27:13,3.9366,41.867,80.94,55,55,12.21
513,Hangu,CN,2021-03-04 05:27:13,39.2489,117.7892,53.6,58,0,4.47
514,Isangel,VU,2021-03-04 05:27:14,-19.55,169.2667,80.44,82,92,19.48
515,Acarau,BR,2021-03-04 05:27:14,-2.8856,-40.12,78.01,84,64,10.45
516,Abnub,EG,2021-03-04 05:27:14,27.2696,31.1511,50.0,76,0,11.5
517,Ewa Beach,US,2021-03-04 05:24:48,21.3156,-158.0072,73.4,60,75,8.05
518,Wajir,KE,2021-03-04 05:27:15,1.7471,40.0573,77.0,69,1,13.42
519,Ugoofaaru,MV,2021-03-04 05:27:16,5.6667,73.0,81.88,65,1,14.92
520,Storforshei,NO,2021-03-04 05:27:16,66.4043,14.5233,23.0,93,20,3.44
521,Hvolsvollur,IS,2021-03-04 05:27:17,63.7533,-20.2243,33.01,97,74,1.01
522,Omboue,GA,2021-03-04 05:27:17,-1.5746,9.2618,79.74,89,98,6.29
523,Mago,RU,2021-03-04 05:27:17,53.2514,140.1822,11.41,94,100,2.95
524,Tarko-Sale,RU,2021-03-04 05:27:17,64.9225,77.785,12.83,95,100,17.16
525,Ichhawar,IN,2021-03-04 05:27:17,23.0167,77.0167,87.8,22,0,5.75
526,Santa Maria Del Oro,MX,2021-03-04 05:27:18,25.9333,-105.3667,59.38,33,100,3.94
527,Kachiry,KZ,2021-03-04 05:27:18,53.0675,76.1036,26.62,84,100,18.12
528,Bintulu,MY,2021-03-04 05:27:18,3.1667,113.0333,91.4,55,40,3.44
529,Berezivka,UA,2021-03-04 05:27:18,47.2043,30.9078,35.22,76,0,8.84
530,Lamu,KE,2021-03-04 05:24:02,-2.2717,40.902,80.2,75,10,14.05
531,Ekhabi,RU,2021-03-04 05:27:19,53.5102,142.9671,7.88,92,91,9.1
532,Korla,CN,2021-03-04 05:27:19,41.7597,86.1469,46.47,51,100,8.79
533,Port Blair,IN,2021-03-04 05:26:23,11.6667,92.75,86.0,74,40,9.22
534,High Rock,BS,2021-03-04 05:27:20,26.6208,-78.2833,71.6,73,40,11.5
535,Zulueta,ES,2021-03-04 05:27:20,42.7451,-1.5793,42.01,100,20,1.14
536,Panzhihua,CN,2021-03-04 05:27:20,26.5851,101.7128,76.06,26,0,2.53
537,Immokalee,US,2021-03-04 05:27:20,26.4187,-81.4173,62.01,88,75,6.91
538,Santa Marta,CO,2021-03-04 05:25:17,11.2408,-74.199,81.0,66,10,5.99
539,Maniitsoq,GL,2021-03-04 05:27:21,65.4167,-52.9,31.87,87,81,3.89
540,Jiexiu,CN,2021-03-04 05:27:21,37.0244,111.9125,57.07,37,23,5.37
541,Umm Lajj,SA,2021-03-04 05:27:22,25.0213,37.2685,67.12,59,0,12.01
542,Rock Sound,BS,2021-03-04 05:27:22,24.9,-76.2,76.3,82,0,17.43
543,Kirakira,SB,2021-03-04 05:27:23,-10.4544,161.9205,80.22,84,99,11.99
544,Yichang,CN,2021-03-04 05:27:23,30.7144,111.2847,66.27,41,0,6.02
545,Buta,CD,2021-03-04 05:27:23,2.7858,24.73,73.56,45,98,1.05
546,Khandbari,NP,2021-03-04 05:27:23,27.3747,87.2039,73.85,19,0,3.67
547,Russell,US,2021-03-04 05:27:24,32.3502,-85.1999,51.8,87,1,5.32
548,Changying,CN,2021-03-04 05:27:24,52.8733,123.3213,-2.04,90,100,8.59
549,Clarence Town,AU,2021-03-04 05:27:25,-32.5833,151.7833,81.0,53,20,12.66
550,Ayolas,PY,2021-03-04 05:27:25,-27.4,-56.9,74.95,84,100,4.74
551,Yichun,CN,2021-03-04 05:27:25,47.7,128.9,32.02,84,100,7.87
552,Buzdyak,RU,2021-03-04 05:27:26,54.5833,54.55,13.95,95,42,12.97
553,Fukue,JP,2021-03-04 05:27:26,32.6881,128.8419,59.0,67,75,12.66
554,Ilhabela,BR,2021-03-04 05:26:41,-23.7781,-45.3581,76.89,71,100,3.04
555,Palmer,US,2021-03-04 05:27:27,42.1584,-72.3287,39.2,60,90,8.05
556,Wolfeboro,US,2021-03-04 05:27:27,43.584,-71.2073,30.2,74,90,5.7
557,Kyaiklat,MM,2021-03-04 05:27:27,16.4333,95.7333,95.0,29,0,4.61
558,Kachug,RU,2021-03-04 05:27:28,53.9606,105.8817,-5.58,83,55,1.63
559,Antri,IN,2021-03-04 05:27:28,26.0567,78.2144,85.33,13,0,4.52
560,Nouadhibou,MR,2021-03-04 05:27:28,20.931,-17.0347,62.6,82,0,20.71
561,Eyl,SO,2021-03-04 05:27:29,7.9803,49.8164,78.4,69,25,16.84
562,Kijang,KR,2021-03-04 05:27:29,35.2442,129.2139,53.6,58,75,5.75
563,Custoias,PT,2021-03-04 05:27:29,41.1053,-7.321,48.0,91,91,1.97
564,Punuare,HN,2021-03-04 05:27:30,14.7333,-85.9667,69.8,78,75,1.74
565,Manbij,SY,2021-03-04 05:27:30,36.5281,37.9549,46.4,76,75,3.44
566,Whitefish,US,2021-03-04 05:23:04,48.4111,-114.3376,33.01,80,1,1.34
567,Solnechnyy,RU,2021-03-04 05:27:30,50.7214,136.6319,29.17,93,73,3.22
568,Pangody,RU,2021-03-04 05:27:31,65.85,74.4859,10.35,92,97,12.06
569,Micheweni,TZ,2021-03-04 05:27:31,-4.9667,39.8333,81.37,74,83,16.51
570,Xinzhi,CN,2021-03-04 05:27:31,36.4989,111.7047,60.75,33,12,2.46
571,Puerto Leguizamo,CO,2021-03-04 05:27:32,-0.1934,-74.7819,70.21,94,68,1.86
572,Puranpur,IN,2021-03-04 05:27:32,28.5167,80.15,83.16,15,0,3.31
573,Grindavik,IS,2021-03-04 05:27:33,63.8424,-22.4338,37.4,100,75,16.11
574,Kukushtan,RU,2021-03-04 05:27:33,57.6464,56.4952,23.0,86,90,8.95
